ID,name,category,close_date,amount
1269,Archbishop Lyke School_OH_01058071,E-Rate Services,10/12/2022,2000
1269,Archbishop Lyke School_OH_01058071,Managed Services,3/14/2023,443.74
1269,Archbishop Lyke School_OH_01058071,Managed Services,7/10/2023,21009
1269,Archbishop Lyke School_OH_01058071,E-Rate Services,7/10/2023,3000
1269,Archbishop Lyke School_OH_01058071,Shield,10/11/2023,356.25
1269,Archbishop Lyke School_OH_01058071,Managed Services,10/18/2024,21429
1269,Archbishop Lyke School_OH_01058071,E-Rate Services,10/18/2024,3000
1269,Archbishop Lyke School_OH_01058071,Managed Services,10/28/2025,22500.45
1269,Archbishop Lyke School_OH_01058071,E-Rate Services,10/28/2025,3000
4407,Banyan High School,Shield,10/7/2025,1508
4407,Banyan High School,Shield,10/30/2025,1909.48
4407,Banyan High School,Shield,10/30/2025,565.5
4407,Banyan High School,Managed Services,6/30/2025,22057
4407,Banyan High School,MS - Special Projects,6/30/2025,21625.95
4407,Banyan High School,Shield,7/2/2025,38784.25
4407,Banyan High School,Shield,7/2/2025,105111.02
4407,Banyan High School,E-Rate Services,6/25/2025,3000
4407,Banyan High School,Protect,6/30/2025,1807.5
420,BATAVIA Local Schools_OH_0046300,Managed Services,6/6/2023,201079.68
420,BATAVIA Local Schools_OH_0046300,Managed Services,6/30/2023,190550
420,BATAVIA Local Schools_OH_0046300,Shield,8/7/2024,2723.19
420,BATAVIA Local Schools_OH_0046300,Shield,10/4/2024,181.25
420,BATAVIA Local Schools_OH_0046300,Protect,4/25/2025,9390
420,BATAVIA Local Schools_OH_0046300,Shield,2/3/2025,1721.88
420,BATAVIA Local Schools_OH_0046300,Managed Services,5/23/2025,196266.48
533,Clearview Durling Middle School_OH_0008896,Managed Services,1/17/2023,168.75
425,Clearview Local Schools_OH_0048132,Protect,2/21/2023,11000
425,Clearview Local Schools_OH_0048132,Managed Services,2/21/2023,381.24
425,Clearview Local Schools_OH_0048132,Managed Services,6/26/2023,127580.88
425,Clearview Local Schools_OH_0048132,Shield,10/6/2023,99998.53
425,Clearview Local Schools_OH_0048132,Shield,10/6/2023,99777.52
425,Clearview Local Schools_OH_0048132,Shield,10/6/2023,98883.9
425,Clearview Local Schools_OH_0048132,Shield,6/17/2024,29013.54
425,Clearview Local Schools_OH_0048132,Protect,12/14/2023,4165.36
425,Clearview Local Schools_OH_0048132,E-Rate Services,3/15/2024,9000
425,Clearview Local Schools_OH_0048132,Managed Services,8/7/2024,116019.75
425,Clearview Local Schools_OH_0048132,Protect,8/28/2024,11130
425,Clearview Local Schools_OH_0048132,Learn21,8/28/2024,2494.26
425,Clearview Local Schools_OH_0048132,E-Rate Services,8/28/2024,3000
425,Clearview Local Schools_OH_0048132,Shield,6/17/2024,6742.5
425,Clearview Local Schools_OH_0048132,Shield,8/7/2024,1507.96
425,Clearview Local Schools_OH_0048132,Protect,5/2/2025,337.5
425,Clearview Local Schools_OH_0048132,Managed Services,5/2/2025,117180
425,Clearview Local Schools_OH_0048132,Protect,5/2/2025,12065
425,Clearview Local Schools_OH_0048132,Learn21,5/2/2025,2156.03
425,Clearview Local Schools_OH_0048132,E-Rate Services,5/2/2025,3000
426,Cleveland Central Catholic_OH_0053983,Protect,8/1/2023,6155
426,Cleveland Central Catholic_OH_0053983,Shield,8/18/2023,1693.69
426,Cleveland Central Catholic_OH_0053983,Managed Services,9/11/2023,70197.36
426,Cleveland Central Catholic_OH_0053983,E-Rate Services,8/15/2023,0
426,Cleveland Central Catholic_OH_0053983,Shield,8/18/2023,19367.05
426,Cleveland Central Catholic_OH_0053983,Shield,8/18/2023,4426.55
426,Cleveland Central Catholic_OH_0053983,Shield,8/18/2023,13318.99
426,Cleveland Central Catholic_OH_0053983,Shield,8/18/2023,3909.91
426,Cleveland Central Catholic_OH_0053983,Shield,10/11/2023,337.5
426,Cleveland Central Catholic_OH_0053983,Shield,4/5/2024,568.74
426,Cleveland Central Catholic_OH_0053983,Shield,7/1/2024,500
4423,Cleveland Metropolitan School District,Shield,10/24/2025,565.5
428,Cliff Park High School_OH_0132795,Shield,9/24/2025,1391
428,Cliff Park High School_OH_0132795,Shield,12/23/2025,939.88
428,Cliff Park High School_OH_0132795,Managed Services,11/22/2022,1195.09
428,Cliff Park High School_OH_0132795,Managed Services,12/28/2022,281.24
428,Cliff Park High School_OH_0132795,Managed Services,1/17/2023,1195.09
428,Cliff Park High School_OH_0132795,Managed Services,7/12/2023,26559.36
428,Cliff Park High School_OH_0132795,E-Rate Services,6/23/2023,3000
428,Cliff Park High School_OH_0132795,Shield,12/5/2023,605.3
428,Cliff Park High School_OH_0132795,Shield,3/15/2024,3721.25
428,Cliff Park High School_OH_0132795,Shield,4/5/2024,0
428,Cliff Park High School_OH_0132795,Managed Services,6/21/2024,27356.26
428,Cliff Park High School_OH_0132795,E-Rate Services,7/25/2024,3000
428,Cliff Park High School_OH_0132795,MS - Special Projects,6/30/2025,6733.98
428,Cliff Park High School_OH_0132795,Managed Services,7/2/2025,27903
428,Cliff Park High School_OH_0132795,Shield,7/2/2025,54885.77
428,Cliff Park High School_OH_0132795,Shield,7/2/2025,17405.46
428,Cliff Park High School_OH_0132795,E-Rate Services,6/30/2025,3000
429,Cloverleaf Local Schools_OH_0048488,Protect,7/21/2022,11000
429,Cloverleaf Local Schools_OH_0048488,Managed Services,5/1/2023,245902.44
429,Cloverleaf Local Schools_OH_0048488,Managed Services,8/18/2023,30139.2
429,Cloverleaf Local Schools_OH_0048488,Managed Services,5/9/2023,30139.2
429,Cloverleaf Local Schools_OH_0048488,Protect,9/7/2023,11000
429,Cloverleaf Local Schools_OH_0048488,Shield,5/9/2024,1108.7
429,Cloverleaf Local Schools_OH_0048488,Learn21,12/6/2024,3404.65
429,Cloverleaf Local Schools_OH_0048488,Protect,10/11/2024,14875
429,Cloverleaf Local Schools_OH_0048488,MS - Special Projects,11/27/2024,24909.82
429,Cloverleaf Local Schools_OH_0048488,Managed Services,5/13/2025,256188.24
429,Cloverleaf Local Schools_OH_0048488,Learn21,5/23/2025,3787.58
429,Cloverleaf Local Schools_OH_0048488,Managed Services,5/23/2025,25000
429,Cloverleaf Local Schools_OH_0048488,Protect,5/27/2025,13193.75
431,Columbia Local Schools_OH_0048140,Managed Services,1/17/2023,7076.7
431,Columbia Local Schools_OH_0048140,Managed Services,1/17/2023,566.23
431,Columbia Local Schools_OH_0048140,Managed Services,1/17/2023,5405
431,Columbia Local Schools_OH_0048140,Managed Services,1/17/2023,1105.48
431,Columbia Local Schools_OH_0048140,Managed Services,6/22/2023,76283.88
431,Columbia Local Schools_OH_0048140,E-Rate Services,6/22/2023,3000
431,Columbia Local Schools_OH_0048140,Shield,10/20/2023,324.98
431,Columbia Local Schools_OH_0048140,Managed Services,7/31/2024,88604.28
431,Columbia Local Schools_OH_0048140,Learn21,7/16/2024,1583.87
431,Columbia Local Schools_OH_0048140,E-Rate Services,7/8/2024,3000
431,Columbia Local Schools_OH_0048140,Protect,7/8/2024,7556
431,Columbia Local Schools_OH_0048140,Shield,10/30/2024,3270.94
431,Columbia Local Schools_OH_0048140,Shield,11/27/2024,0
431,Columbia Local Schools_OH_0048140,Shield,11/11/2024,223.74
431,Columbia Local Schools_OH_0048140,Shield,3/27/2025,6004.83
431,Columbia Local Schools_OH_0048140,Managed Services,5/23/2025,88603.92
431,Columbia Local Schools_OH_0048140,E-Rate Services,3/28/2025,3000
431,Columbia Local Schools_OH_0048140,Learn21,3/28/2025,1625.59
431,Columbia Local Schools_OH_0048140,Protect,6/18/2025,6988
431,Columbia Local Schools_OH_0048140,Shield,7/2/2025,543.75
431,Columbia Local Schools_OH_0048140,Shield,7/2/2025,2084.38
431,Columbia Local Schools_OH_0048140,Shield,7/2/2025,2084.38
431,Columbia Local Schools_OH_0048140,Shield,7/2/2025,1996.79
431,Columbia Local Schools_OH_0048140,Shield,7/2/2025,8605.06
431,Columbia Local Schools_OH_0048140,Shield,7/2/2025,8985.08
431,Columbia Local Schools_OH_0048140,E-Rate Services,7/2/2025,3000
4355,Cypress High School,Shield,9/10/2025,1970.08
4355,Cypress High School,Shield,12/23/2025,3557.96
4355,Cypress High School,Managed Services,1/17/2023,3612.48
4355,Cypress High School,Managed Services,1/17/2023,897.48
4355,Cypress High School,Shield,8/18/2023,337.5
4355,Cypress High School,Shield,8/18/2023,512.5
4355,Cypress High School,Managed Services,6/28/2023,26546.16
4355,Cypress High School,E-Rate Services,6/28/2023,3000
4355,Cypress High School,Managed Services,5/9/2023,1279.48
4355,Cypress High School,Shield,8/16/2023,0
4355,Cypress High School,Shield,10/20/2023,399.99
4355,Cypress High School,Shield,1/19/2024,168.75
4355,Cypress High School,Shield,3/15/2024,212.49
4355,Cypress High School,Managed Services,6/21/2024,27342.54
4355,Cypress High School,E-Rate Services,7/25/2024,3000
4355,Cypress High School,Managed Services,7/2/2025,28710
4355,Cypress High School,Shield,7/2/2025,3900
4355,Cypress High School,E-Rate Services,6/30/2025,3000
4426,East Central Ohio ESC,Protect,12/23/2025,5000
434,East Preparatory Academy_OH_0014147,Managed Services,1/17/2023,168.75
434,East Preparatory Academy_OH_0014147,Managed Services,6/28/2023,16843.8
434,East Preparatory Academy_OH_0014147,E-Rate Services,6/28/2023,3000
434,East Preparatory Academy_OH_0014147,Shield,8/16/2023,560.69
434,East Preparatory Academy_OH_0014147,Shield,10/20/2023,1750
434,East Preparatory Academy_OH_0014147,Shield,10/16/2023,1786.34
434,East Preparatory Academy_OH_0014147,Shield,9/29/2023,1052.44
434,East Preparatory Academy_OH_0014147,Shield,10/16/2023,337.5
434,East Preparatory Academy_OH_0014147,Shield,11/8/2023,187.5
434,East Preparatory Academy_OH_0014147,Shield,11/8/2023,999.99
434,East Preparatory Academy_OH_0014147,Shield,11/8/2023,168.75
434,East Preparatory Academy_OH_0014147,Shield,3/15/2024,275
434,East Preparatory Academy_OH_0014147,Managed Services,7/25/2024,17685.99
434,East Preparatory Academy_OH_0014147,E-Rate Services,7/25/2024,3000
434,East Preparatory Academy_OH_0014147,Shield,5/31/2024,181.25
434,East Preparatory Academy_OH_0014147,Shield,10/11/2024,181.25
434,East Preparatory Academy_OH_0014147,Shield,10/22/2024,3037.35
434,East Preparatory Academy_OH_0014147,Shield,1/3/2025,462.48
434,East Preparatory Academy_OH_0014147,Shield,1/15/2025,725
434,East Preparatory Academy_OH_0014147,Shield,1/24/2025,721.88
434,East Preparatory Academy_OH_0014147,Shield,3/12/2025,1779.63
434,East Preparatory Academy_OH_0014147,Managed Services,7/2/2025,18570
434,East Preparatory Academy_OH_0014147,Shield,7/15/2025,925.56
434,East Preparatory Academy_OH_0014147,Shield,7/15/2025,743.75
434,East Preparatory Academy_OH_0014147,E-Rate Services,6/30/2025,3000
434,East Preparatory Academy_OH_0014147,Shield,8/7/2025,1098.5
4390,Educational Service Center of Eastern Ohio,Protect,4/4/2024,9260.24
4390,Educational Service Center of Eastern Ohio,Protect,6/4/2024,570
4390,Educational Service Center of Eastern Ohio,Protect,1/30/2025,123.52
4390,Educational Service Center of Eastern Ohio,Protect,7/15/2025,2650
4358,Elyria Catholic High_OH,Educate (PD),10/28/2025,6720
4358,Elyria Catholic High_OH,Protect,10/17/2025,5440
4358,Elyria Catholic High_OH,Protect,10/18/2023,4625
4358,Elyria Catholic High_OH,Managed Services,8/29/2023,80625.72
4358,Elyria Catholic High_OH,E-Rate Services,8/14/2023,3000
4358,Elyria Catholic High_OH,Managed Services,7/3/2024,77809.68
4358,Elyria Catholic High_OH,Learn21,7/3/2024,706.26
4358,Elyria Catholic High_OH,E-Rate Services,7/3/2024,3000
4358,Elyria Catholic High_OH,Protect,10/9/2024,5021.25
4358,Elyria Catholic High_OH,Shield,7/2/2025,2404.98
4358,Elyria Catholic High_OH,Shield,1/9/2025,2999.77
4358,Elyria Catholic High_OH,Managed Services,8/13/2025,12435.36
4358,Elyria Catholic High_OH,E-Rate Services,8/13/2025,3000
4358,Elyria Catholic High_OH,Educate (PD),6/30/2025,2310
435,Emmanuel Christian Academy_OH_0120865,Managed Services,6/26/2023,34292.76
435,Emmanuel Christian Academy_OH_0120865,E-Rate Services,6/26/2023,3000
435,Emmanuel Christian Academy_OH_0120865,Protect,5/31/2024,693.16
435,Emmanuel Christian Academy_OH_0120865,Learn21,5/31/2024,268.2
435,Emmanuel Christian Academy_OH_0120865,Managed Services,6/7/2024,34979
435,Emmanuel Christian Academy_OH_0120865,E-Rate Services,5/31/2024,3000
435,Emmanuel Christian Academy_OH_0120865,Protect,8/14/2024,250
435,Emmanuel Christian Academy_OH_0120865,Educate (PD),9/23/2024,1260
435,Emmanuel Christian Academy_OH_0120865,Managed Services,5/22/2025,37405.2
435,Emmanuel Christian Academy_OH_0120865,E-Rate Services,5/22/2025,3000
435,Emmanuel Christian Academy_OH_0120865,Protect,5/27/2025,2704
2394,First Baptist Church - Medina_OH,Managed Services,6/15/2023,5000.07
2394,First Baptist Church - Medina_OH,Protect,5/1/2024,1161
2394,First Baptist Church - Medina_OH,Managed Services,5/1/2024,5000
2394,First Baptist Church - Medina_OH,Managed Services,4/25/2025,6000
2394,First Baptist Church - Medina_OH,Protect,5/27/2025,1286
4368,Franklinton Prep High School,Shield,8/29/2025,565.5
4368,Franklinton Prep High School,Managed Services,6/28/2023,17472
4368,Franklinton Prep High School,E-Rate Services,6/28/2023,3000
4368,Franklinton Prep High School,Shield,8/18/2023,2172.48
4368,Franklinton Prep High School,Shield,8/16/2023,1759.93
4368,Franklinton Prep High School,Shield,10/20/2023,1014.16
4368,Franklinton Prep High School,Managed Services,5/22/2024,17996.16
4368,Franklinton Prep High School,E-Rate Services,5/22/2024,3000
4368,Franklinton Prep High School,Managed Services,7/2/2025,18896.04
4368,Franklinton Prep High School,Shield,7/2/2025,3851.98
4368,Franklinton Prep High School,Shield,7/2/2025,362.5
4368,Franklinton Prep High School,Shield,7/14/2025,581.25
4368,Franklinton Prep High School,E-Rate Services,6/30/2025,3000
4379,Frederick Douglass High School - Euclid,Shield,11/14/2025,1785.51
4379,Frederick Douglass High School - Euclid,Shield,8/18/2023,893.74
4379,Frederick Douglass High School - Euclid,Managed Services,6/28/2023,18482.16
4379,Frederick Douglass High School - Euclid,Managed Services,6/28/2023,13707.12
4379,Frederick Douglass High School - Euclid,E-Rate Services,6/28/2023,3000
4379,Frederick Douglass High School - Euclid,Managed Services,7/5/2024,14118.46
4379,Frederick Douglass High School - Euclid,E-Rate Services,7/5/2024,3000
4379,Frederick Douglass High School - Euclid,Shield,5/31/2024,181.25
4379,Frederick Douglass High School - Euclid,Shield,8/12/2024,10904.84
4379,Frederick Douglass High School - Euclid,Shield,8/12/2024,22640
4379,Frederick Douglass High School - Euclid,Managed Services,9/13/2024,20056
4379,Frederick Douglass High School - Euclid,Shield,8/12/2024,813.75
4379,Frederick Douglass High School - Euclid,Shield,2/14/2025,868.74
4379,Frederick Douglass High School - Euclid,Managed Services,7/2/2025,21543
4341,Frederick Douglass_OH_012043,Shield,10/7/2025,377
4341,Frederick Douglass_OH_012043,Managed Services,1/17/2023,337.5
4341,Frederick Douglass_OH_012043,E-Rate Services,6/28/2023,3000
4341,Frederick Douglass_OH_012043,Shield,11/8/2023,168.75
4341,Frederick Douglass_OH_012043,Shield,1/19/2024,297.5
4341,Frederick Douglass_OH_012043,Managed Services,7/5/2024,19036.75
4341,Frederick Douglass_OH_012043,Shield,5/1/2024,1347.49
4341,Frederick Douglass_OH_012043,E-Rate Services,7/5/2024,3000
4341,Frederick Douglass_OH_012043,Shield,10/16/2024,500.63
4341,Frederick Douglass_OH_012043,Shield,1/15/2025,181.25
4341,Frederick Douglass_OH_012043,Managed Services,7/2/2025,20940.96
4341,Frederick Douglass_OH_012043,E-Rate Services,6/30/2025,3000
4382,Fusion Education Group,E-Rate Services,11/6/2023,33000
4397,Great Oaks High School,Shield,9/10/2025,2453.07
4397,Great Oaks High School,Shield,9/10/2025,94.25
4397,Great Oaks High School,Shield,11/12/2025,1605.5
4397,Great Oaks High School,Shield,10/30/2025,305.5
4397,Great Oaks High School,Shield,11/20/2025,377
4397,Great Oaks High School,Shield,8/12/2024,15138.75
4397,Great Oaks High School,Shield,5/31/2024,28417.49
4397,Great Oaks High School,Shield,8/12/2024,5466.5
4397,Great Oaks High School,Shield,8/12/2024,19568.75
4397,Great Oaks High School,Managed Services,9/13/2024,7285.44
4397,Great Oaks High School,Shield,2/28/2025,3125
4397,Great Oaks High School,Shield,3/4/2025,1843.74
4397,Great Oaks High School,Managed Services,7/2/2025,7649.04
4397,Great Oaks High School,Shield,7/2/2025,8208.51
4397,Great Oaks High School,Shield,7/14/2025,4475.18
4397,Great Oaks High School,E-Rate Services,6/30/2025,3000
4399,Heart of Ohio Classical Academy,Shield,7/16/2025,3160.63
4399,Heart of Ohio Classical Academy,Shield,7/18/2024,50548.46
4399,Heart of Ohio Classical Academy,Shield,9/10/2024,6592.97
4399,Heart of Ohio Classical Academy,Shield,11/1/2024,206.24
4399,Heart of Ohio Classical Academy,Managed Services,5/9/2025,23496.36
4399,Heart of Ohio Classical Academy,Shield,7/28/2025,3715.64
4399,Heart of Ohio Classical Academy,Shield,8/11/2025,1358.5
4399,Heart of Ohio Classical Academy,Shield,8/8/2025,1149.2
2236,Heritage Christian School_OH,Shield,10/22/2025,988
2236,Heritage Christian School_OH,Backup As A Service,11/20/2025,0
2236,Heritage Christian School_OH,Shield,8/18/2023,31068.48
2236,Heritage Christian School_OH,Managed Services,5/9/2023,41759.94
2236,Heritage Christian School_OH,E-Rate Services,6/29/2023,3000
2236,Heritage Christian School_OH,Managed Services,6/22/2023,28416
2236,Heritage Christian School_OH,Shield,10/20/2023,3772.49
2236,Heritage Christian School_OH,Shield,10/20/2023,1831.25
2236,Heritage Christian School_OH,Shield,10/20/2023,2168.75
2236,Heritage Christian School_OH,Shield,10/3/2023,1537.5
2236,Heritage Christian School_OH,Protect,4/12/2024,1525
2236,Heritage Christian School_OH,Managed Services,4/12/2024,28984.32
2236,Heritage Christian School_OH,E-Rate Services,4/24/2024,3000
2236,Heritage Christian School_OH,Shield,11/8/2024,9726.25
2236,Heritage Christian School_OH,Managed Services,5/1/2025,30521.82
2236,Heritage Christian School_OH,E-Rate Services,5/1/2025,3000
2236,Heritage Christian School_OH,Protect,5/1/2025,1755
4393,Highway Tabernacle Primary School,Managed Services,3/11/2024,7200
2406,Holy Family-Parma,Managed Services,5/15/2023,6286.32
2406,Holy Family-Parma,E-Rate Services,5/15/2023,0
2406,Holy Family-Parma,Managed Services,7/5/2024,14400
2406,Holy Family-Parma,E-Rate Services,5/1/2024,0
2406,Holy Family-Parma,E-Rate Services,7/25/2025,0
2406,Holy Family-Parma,Managed Services,6/18/2025,14736.74
439,Holy Name_OH_0055749,Protect,10/12/2023,2000
439,Holy Name_OH_0055749,Managed Services,6/25/2023,16675.92
439,Holy Name_OH_0055749,Shield,4/5/2024,543.75
439,Holy Name_OH_0055749,Managed Services,5/31/2024,17509.8
439,Holy Name_OH_0055749,Shield,5/31/2024,1486.25
439,Holy Name_OH_0055749,Shield,10/25/2024,4539.68
439,Holy Name_OH_0055749,E-Rate Services,11/20/2024,3000
439,Holy Name_OH_0055749,Shield,2/5/2025,7617.21
439,Holy Name_OH_0055749,Shield,4/11/2025,49.98
1247,Howland Local Schools_OH_050161,Managed Services,4/3/2025,125000
1247,Howland Local Schools_OH_050161,Protect,6/12/2025,18025
1247,Howland Local Schools_OH_050161,E-Rate Services,6/12/2025,3000
440,Huron City Schools_OH_0044131,Protect,8/13/2022,3875
440,Huron City Schools_OH_0044131,Managed Services,7/27/2023,124637.88
440,Huron City Schools_OH_0044131,Protect,8/22/2023,3875
440,Huron City Schools_OH_0044131,Shield,1/10/2024,65015.57
1252,Indian Valley Local Schools_OH_050286,Protect,12/5/2025,9019.12
1252,Indian Valley Local Schools_OH_050286,Managed Services,2/20/2024,128128
1252,Indian Valley Local Schools_OH_050286,Managed Services,2/20/2024,138805.29
1252,Indian Valley Local Schools_OH_050286,E-Rate Services,10/4/2024,3000
1252,Indian Valley Local Schools_OH_050286,Protect,10/28/2024,16948
1252,Indian Valley Local Schools_OH_050286,Managed Services,5/23/2025,134728.32
1252,Indian Valley Local Schools_OH_050286,E-Rate Services,5/23/2025,3000
443,James A Garfield Local Schools_OH_0049205,Protect,7/21/2022,900
4381,Jesuit High School,Managed Services,7/12/2022,15256
3048,Keystone Local_OH_048165,Shield,12/11/2025,4636.79
3048,Keystone Local_OH_048165,Shield,12/11/2025,9759.88
3048,Keystone Local_OH_048165,Shield,12/17/2025,245.7
3048,Keystone Local_OH_048165,Managed Services,4/15/2025,119522.04
3048,Keystone Local_OH_048165,Protect,4/15/2025,14600
3048,Keystone Local_OH_048165,E-Rate Services,4/15/2025,3000
3048,Keystone Local_OH_048165,Shield,7/21/2025,28930
3048,Keystone Local_OH_048165,Shield,7/21/2025,20146.44
3048,Keystone Local_OH_048165,Shield,9/18/2025,4400.52
3048,Keystone Local_OH_048165,Shield,8/11/2025,2289.99
3489,Liberty High School_OH_016849,Shield,9/16/2025,377
3489,Liberty High School_OH_016849,Managed Services,1/17/2023,187.49
3489,Liberty High School_OH_016849,Managed Services,6/28/2023,23444.28
3489,Liberty High School_OH_016849,E-Rate Services,6/28/2023,3000
3489,Liberty High School_OH_016849,Managed Services,6/21/2024,24147.61
3489,Liberty High School_OH_016849,E-Rate Services,7/25/2024,3000
3489,Liberty High School_OH_016849,Shield,8/12/2024,875
3489,Liberty High School_OH_016849,Shield,7/10/2024,875.31
3489,Liberty High School_OH_016849,Shield,11/21/2024,181.25
3489,Liberty High School_OH_016849,Shield,12/13/2024,200
3489,Liberty High School_OH_016849,Shield,3/31/2025,528.34
3489,Liberty High School_OH_016849,Managed Services,7/2/2025,24630.96
3489,Liberty High School_OH_016849,E-Rate Services,6/30/2025,3000
1198,Lowellville Local Schools_OH_048330,Protect,11/6/2025,3438.2
1198,Lowellville Local Schools_OH_048330,Managed Services,1/17/2023,2250
1198,Lowellville Local Schools_OH_048330,Backup As A Service,1/17/2023,4140
1198,Lowellville Local Schools_OH_048330,Protect,1/17/2023,2425
1198,Lowellville Local Schools_OH_048330,Protect,10/18/2023,2925
1198,Lowellville Local Schools_OH_048330,Protect,12/3/2024,3707.36
449,Marietta City Schools_OH_0044321,Protect,12/15/2025,9189
449,Marietta City Schools_OH_0044321,Protect,10/10/2023,7428.75
449,Marietta City Schools_OH_0044321,Managed Services,11/22/2022,5822.49
449,Marietta City Schools_OH_0044321,Managed Services,1/24/2023,50329.26
449,Marietta City Schools_OH_0044321,Managed Services,4/27/2023,193624.92
449,Marietta City Schools_OH_0044321,Shield,1/19/2024,3072.92
449,Marietta City Schools_OH_0044321,Shield,12/7/2023,162.5
449,Marietta City Schools_OH_0044321,Shield,12/7/2023,2372.5
449,Marietta City Schools_OH_0044321,Shield,1/25/2024,739
449,Marietta City Schools_OH_0044321,Shield,7/23/2024,2900
449,Marietta City Schools_OH_0044321,Managed Services,7/31/2024,193625
449,Marietta City Schools_OH_0044321,Learn21,8/29/2024,3427
449,Marietta City Schools_OH_0044321,Shield,5/3/2024,9275
449,Marietta City Schools_OH_0044321,Shield,7/15/2024,11350.01
449,Marietta City Schools_OH_0044321,Shield,9/30/2024,1143.75
449,Marietta City Schools_OH_0044321,Protect,10/28/2024,9189
449,Marietta City Schools_OH_0044321,Shield,11/19/2024,1963
449,Marietta City Schools_OH_0044321,Managed Services,6/24/2025,183225.84
449,Marietta City Schools_OH_0044321,Shield,7/14/2025,4529.02
576,Marietta High School_OH_0022798,Shield,8/18/2023,1119.79
4386,Marshall High School - Hamilton Campus,Managed Services,3/7/2023,15862.5
4386,Marshall High School - Hamilton Campus,Managed Services,3/7/2023,64629.59
4386,Marshall High School - Hamilton Campus,Managed Services,10/20/2023,16294.17
4386,Marshall High School - Hamilton Campus,Managed Services,6/23/2023,44328.72
4386,Marshall High School - Hamilton Campus,E-Rate Services,6/23/2023,3000
4386,Marshall High School - Hamilton Campus,Managed Services,10/20/2023,15077.64
4386,Marshall High School - Hamilton Campus,Shield,10/4/2023,4560.98
4386,Marshall High School - Hamilton Campus,Shield,10/17/2023,524.99
4386,Marshall High School - Hamilton Campus,Shield,10/20/2023,1311.6
4386,Marshall High School - Hamilton Campus,Shield,3/15/2024,631.7
4386,Marshall High School - Hamilton Campus,Shield,4/5/2024,425
4386,Marshall High School - Hamilton Campus,Managed Services,6/21/2024,15530.09
4386,Marshall High School - Hamilton Campus,E-Rate Services,7/25/2024,3000
4386,Marshall High School - Hamilton Campus,Shield,5/1/2024,1707.5
4386,Marshall High School - Hamilton Campus,Shield,8/12/2024,362.5
4386,Marshall High School - Hamilton Campus,Shield,9/23/2024,395
4386,Marshall High School - Hamilton Campus,Shield,9/23/2024,37.5
4386,Marshall High School - Hamilton Campus,Shield,11/15/2024,226.56
4386,Marshall High School - Hamilton Campus,Managed Services,7/2/2025,17082.96
4386,Marshall High School - Hamilton Campus,Shield,8/7/2025,48
4386,Marshall High School - Hamilton Campus,Shield,12/15/2025,234
450,Marshall High School_OH_0132803,Shield,11/14/2025,38.9
450,Marshall High School_OH_0132803,Managed Services,1/17/2023,2681.24
450,Marshall High School_OH_0132803,Managed Services,1/17/2023,1531.25
450,Marshall High School_OH_0132803,Managed Services,1/17/2023,3644.24
450,Marshall High School_OH_0132803,Managed Services,2/21/2023,337.5
450,Marshall High School_OH_0132803,Managed Services,5/9/2023,34.99
450,Marshall High School_OH_0132803,Shield,8/18/2023,324.99
450,Marshall High School_OH_0132803,Shield,8/14/2023,2414.93
450,Marshall High School_OH_0132803,Shield,10/20/2023,168.75
450,Marshall High School_OH_0132803,Shield,1/19/2024,362.49
450,Marshall High School_OH_0132803,Managed Services,6/21/2024,41238.2
450,Marshall High School_OH_0132803,E-Rate Services,7/25/2024,3000
450,Marshall High School_OH_0132803,Shield,5/31/2024,181.25
450,Marshall High School_OH_0132803,Shield,9/10/2024,2854.99
450,Marshall High School_OH_0132803,Shield,11/18/2024,449.99
450,Marshall High School_OH_0132803,Shield,11/18/2024,949.97
450,Marshall High School_OH_0132803,Managed Services,7/2/2025,30000
450,Marshall High School_OH_0132803,Shield,4/24/2025,552.48
450,Marshall High School_OH_0132803,E-Rate Services,6/30/2025,3000
450,Marshall High School_OH_0132803,Shield,9/15/2025,94.25
2287,Mayfair Christian School,Managed Services,9/7/2023,13798.32
2287,Mayfair Christian School,E-Rate Services,11/6/2023,3000
2287,Mayfair Christian School,Protect,5/31/2024,1872
2287,Mayfair Christian School,Managed Services,5/31/2024,13798
2287,Mayfair Christian School,E-Rate Services,5/31/2024,3000
2287,Mayfair Christian School,Protect,5/31/2024,129.88
2287,Mayfair Christian School,Managed Services,3/26/2025,14338.59
2287,Mayfair Christian School,E-Rate Services,3/26/2025,3000
682,Medina Christian Academy_OH_089979,Managed Services,8/18/2023,375
682,Medina Christian Academy_OH_089979,Managed Services,6/29/2023,40580.4
682,Medina Christian Academy_OH_089979,E-Rate Services,6/29/2023,3000
682,Medina Christian Academy_OH_089979,Protect,8/18/2023,3670
682,Medina Christian Academy_OH_089979,Backup As A Service,8/18/2023,5760
682,Medina Christian Academy_OH_089979,Protect,8/18/2023,0
682,Medina Christian Academy_OH_089979,Learn21,8/18/2023,742
682,Medina Christian Academy_OH_089979,MS - Special Projects,4/3/2024,625
682,Medina Christian Academy_OH_089979,Managed Services,6/11/2024,46667
682,Medina Christian Academy_OH_089979,Managed Services,5/8/2024,1920
682,Medina Christian Academy_OH_089979,E-Rate Services,5/6/2024,6000
682,Medina Christian Academy_OH_089979,Protect,7/26/2024,7378
682,Medina Christian Academy_OH_089979,Managed Services,5/2/2025,62635.68
682,Medina Christian Academy_OH_089979,MS - Special Projects,3/4/2025,625
682,Medina Christian Academy_OH_089979,E-Rate Services,5/2/2025,3000
682,Medina Christian Academy_OH_089979,Protect,5/2/2025,7348
4349,Metro Catholic School,Shield,10/6/2025,5760.31
4349,Metro Catholic School,Managed Services,7/12/2022,45000
4349,Metro Catholic School,Managed Services,7/10/2023,51234
4349,Metro Catholic School,E-Rate Services,7/10/2023,3000
4349,Metro Catholic School,Shield,5/9/2024,906.25
4349,Metro Catholic School,Shield,4/5/2024,906.25
4349,Metro Catholic School,Managed Services,8/6/2024,42858.14
4349,Metro Catholic School,E-Rate Services,8/6/2024,3000
4349,Metro Catholic School,Shield,7/15/2024,31961.23
4349,Metro Catholic School,Shield,10/25/2024,12687.6
4349,Metro Catholic School,Shield,11/8/2024,181.25
4349,Metro Catholic School,Shield,11/27/2024,387.88
4349,Metro Catholic School,Shield,2/7/2025,951.56
4349,Metro Catholic School,Managed Services,10/28/2025,53795.7
4349,Metro Catholic School,E-Rate Services,10/28/2025,3000
452,Midview Local Schools_OH_0048173,Protect,8/26/2022,37875
452,Midview Local Schools_OH_0048173,MS - Special Projects,10/5/2023,7560
452,Midview Local Schools_OH_0048173,Protect,7/14/2023,37875
452,Midview Local Schools_OH_0048173,Managed Services,3/14/2023,33135.24
452,Midview Local Schools_OH_0048173,Managed Services,6/6/2023,178971.6
452,Midview Local Schools_OH_0048173,Protect,8/16/2023,37875
452,Midview Local Schools_OH_0048173,Protect,9/19/2024,28450
452,Midview Local Schools_OH_0048173,MS - Special Projects,9/19/2024,10000
452,Midview Local Schools_OH_0048173,Backup As A Service,6/12/2024,6240
452,Midview Local Schools_OH_0048173,Managed Services,6/30/2023,182551.44
452,Midview Local Schools_OH_0048173,Learn21,9/27/2024,4498.31
452,Midview Local Schools_OH_0048173,MS - Special Projects,5/6/2024,750
452,Midview Local Schools_OH_0048173,MS - Special Projects,5/30/2024,625
452,Midview Local Schools_OH_0048173,MS - Special Projects,12/6/2024,625
452,Midview Local Schools_OH_0048173,Shield,1/31/2025,37110
452,Midview Local Schools_OH_0048173,Managed Services,5/13/2025,186457.92
452,Midview Local Schools_OH_0048173,Learn21,4/25/2025,4321
452,Midview Local Schools_OH_0048173,MS - Special Projects,2/21/2025,625
452,Midview Local Schools_OH_0048173,MS - Special Projects,2/26/2025,625
452,Midview Local Schools_OH_0048173,MS - Special Projects,3/20/2025,4000
452,Midview Local Schools_OH_0048173,Shield,4/9/2025,362.5
452,Midview Local Schools_OH_0048173,MS - Special Projects,4/1/2025,1000
452,Midview Local Schools_OH_0048173,Protect,6/18/2025,28450
3079,Mount Healthy City Schools_044412,Managed Services,11/22/2022,187.49
3079,Mount Healthy City Schools_044412,Managed Services,3/14/2023,2156.24
3079,Mount Healthy City Schools_044412,Managed Services,5/30/2023,371475.36
3079,Mount Healthy City Schools_044412,Shield,6/24/2024,6249.74
4411,Muskegon Lakeshore High School,Shield,10/7/2025,2158
4411,Muskegon Lakeshore High School,Protect,8/27/2025,1470
4411,Muskegon Lakeshore High School,Managed Services,7/28/2025,7649.04
4411,Muskegon Lakeshore High School,E-Rate Services,7/28/2025,3000
591,New London Board Office_OH_0047720,Educate (PD),9/5/2025,630
460,New London Local Schools_OH_0047720,Shield,10/30/2025,256.06
460,New London Local Schools_OH_0047720,Shield,8/25/2025,410.79
460,New London Local Schools_OH_0047720,Protect,9/27/2022,6815
460,New London Local Schools_OH_0047720,Managed Services,6/14/2023,112595.4
460,New London Local Schools_OH_0047720,Protect,9/28/2023,7400
460,New London Local Schools_OH_0047720,MS - Special Projects,4/24/2025,600
460,New London Local Schools_OH_0047720,Managed Services,6/19/2024,115995.36
460,New London Local Schools_OH_0047720,Learn21,6/18/2024,1528.74
460,New London Local Schools_OH_0047720,Protect,9/17/2024,8551
460,New London Local Schools_OH_0047720,Managed Services,5/23/2025,115995
460,New London Local Schools_OH_0047720,Learn21,5/14/2025,1370.8
460,New London Local Schools_OH_0047720,Protect,10/2/2025,8651
4391,New London Public Library,Protect,11/14/2025,223.34
4391,New London Public Library,MS - Special Projects,2/16/2024,3000
4391,New London Public Library,Shield,3/21/2024,2156.25
4391,New London Public Library,Protect,5/31/2024,44
4391,New London Public Library,E-Rate Services,10/21/2024,3000
4391,New London Public Library,Managed Services,1/30/2025,3000
4391,New London Public Library,Protect,6/18/2025,548
461,New Philadelphia City Schools_OH_0044487,Protect,11/10/2022,1970
461,New Philadelphia City Schools_OH_0044487,Managed Services,5/24/2023,225334.56
461,New Philadelphia City Schools_OH_0044487,Protect,9/11/2023,1970
461,New Philadelphia City Schools_OH_0044487,Protect,12/11/2023,27670
461,New Philadelphia City Schools_OH_0044487,Managed Services,6/30/2023,227974.32
461,New Philadelphia City Schools_OH_0044487,Learn21,4/11/2024,4510.23
461,New Philadelphia City Schools_OH_0044487,Protect,1/14/2025,29300
461,New Philadelphia City Schools_OH_0044487,Managed Services,5/23/2025,230253.72
461,New Philadelphia City Schools_OH_0044487,Learn21,5/23/2025,4559.4
4398,Northeast Ohio Classical Academy,Managed Services,7/16/2024,23556.39
4398,Northeast Ohio Classical Academy,Managed Services,6/12/2025,13840.08
4401,Oak Grove Schools,Shield,2/18/2025,1716
422,Oakmont Education Group,Protect,11/20/2025,68571
422,Oakmont Education Group,Protect,11/26/2024,53805
422,Oakmont Education Group,Managed Services,4/14/2025,106250
422,Oakmont Education Group,Shield,3/24/2025,5168.81
422,Oakmont Education Group,Managed Services,6/30/2025,84999.96
4422,Ohio Valley Educational Service Center (OVESC),Protect,10/23/2025,5745
4372,Old Brook - Parma Campus,Shield,10/31/2025,403
4372,Old Brook - Parma Campus,Shield,11/20/2025,611
4372,Old Brook - Parma Campus,Shield,11/20/2025,305.5
4372,Old Brook - Parma Campus,Managed Services,6/28/2023,13707.12
4372,Old Brook - Parma Campus,E-Rate Services,6/28/2023,3000
4372,Old Brook - Parma Campus,Managed Services,5/9/2023,135
4372,Old Brook - Parma Campus,Shield,10/20/2023,1119.96
4372,Old Brook - Parma Campus,Managed Services,7/25/2024,14118.21
4372,Old Brook - Parma Campus,E-Rate Services,7/25/2024,3000
4372,Old Brook - Parma Campus,Shield,5/3/2024,646.41
4372,Old Brook - Parma Campus,Shield,8/12/2024,3387.5
4372,Old Brook - Parma Campus,Shield,8/12/2024,11243.19
4372,Old Brook - Parma Campus,Managed Services,9/13/2024,5467
4372,Old Brook - Parma Campus,Shield,8/12/2024,725
4372,Old Brook - Parma Campus,Shield,11/8/2024,181.25
4372,Old Brook - Parma Campus,Shield,10/28/2024,722.59
4372,Old Brook - Parma Campus,Shield,10/28/2024,393.74
4372,Old Brook - Parma Campus,MS - Special Projects,6/30/2025,8885.34
4372,Old Brook - Parma Campus,Managed Services,7/2/2025,21000
4372,Old Brook - Parma Campus,Shield,7/2/2025,14023.36
4372,Old Brook - Parma Campus,Shield,7/2/2025,36412.73
4372,Old Brook - Parma Campus,Shield,7/2/2025,16810.85
4372,Old Brook - Parma Campus,Shield,7/2/2025,420.6
4372,Old Brook - Parma Campus,Shield,7/25/2025,45.4
4372,Old Brook - Parma Campus,Shield,12/10/2025,751.38
713,Old Brook High School_OH_012038,Managed Services,12/28/2022,461.23
713,Old Brook High School_OH_012038,Managed Services,1/17/2023,337.5
713,Old Brook High School_OH_012038,Managed Services,6/28/2023,13131.12
713,Old Brook High School_OH_012038,E-Rate Services,6/28/2023,3000
713,Old Brook High School_OH_012038,Managed Services,5/9/2023,400
713,Old Brook High School_OH_012038,Shield,8/16/2023,418.74
713,Old Brook High School_OH_012038,Shield,4/5/2024,543.75
713,Old Brook High School_OH_012038,Managed Services,7/25/2024,13525.05
713,Old Brook High School_OH_012038,Shield,5/3/2024,337.5
713,Old Brook High School_OH_012038,E-Rate Services,7/25/2024,3000
713,Old Brook High School_OH_012038,Shield,7/10/2024,368.75
713,Old Brook High School_OH_012038,Shield,9/23/2024,181.25
713,Old Brook High School_OH_012038,Shield,2/14/2025,543.75
713,Old Brook High School_OH_012038,Managed Services,7/2/2025,13796.04
713,Old Brook High School_OH_012038,E-Rate Services,6/30/2025,3000
4392,Old North Primary School,Managed Services,3/11/2024,7200
467,Open Door Christian Schools_OH_0090274,Protect,8/26/2022,3500
467,Open Door Christian Schools_OH_0090274,E-Rate Services,10/12/2022,2000
467,Open Door Christian Schools_OH_0090274,Managed Services,6/1/2023,78658.8
467,Open Door Christian Schools_OH_0090274,Protect,10/2/2023,3500
467,Open Door Christian Schools_OH_0090274,E-Rate Services,10/11/2024,3000
467,Open Door Christian Schools_OH_0090274,Managed Services,7/2/2024,80232.18
467,Open Door Christian Schools_OH_0090274,Learn21,7/2/2024,1074.29
467,Open Door Christian Schools_OH_0090274,E-Rate Services,12/6/2024,3000
467,Open Door Christian Schools_OH_0090274,Protect,9/6/2024,4132
467,Open Door Christian Schools_OH_0090274,Backup As A Service,5/20/2024,3920
467,Open Door Christian Schools_OH_0090274,Managed Services,5/5/2025,82233.12
467,Open Door Christian Schools_OH_0090274,E-Rate Services,5/5/2025,3000
467,Open Door Christian Schools_OH_0090274,Protect,7/9/2025,3786
4400,Orchard Park Academy - Akron Campus,Shield,9/15/2025,1413.75
4400,Orchard Park Academy - Akron Campus,Shield,10/23/2025,416
4400,Orchard Park Academy - Akron Campus,Shield,10/31/2025,377
4400,Orchard Park Academy - Akron Campus,Managed Services,9/13/2024,15587.71
4400,Orchard Park Academy - Akron Campus,Shield,9/9/2024,193.75
4400,Orchard Park Academy - Akron Campus,Shield,11/8/2024,3321.22
4400,Orchard Park Academy - Akron Campus,Shield,9/12/2024,1018.75
4400,Orchard Park Academy - Akron Campus,Shield,10/8/2024,1212.5
4400,Orchard Park Academy - Akron Campus,Shield,10/22/2024,4999.12
4400,Orchard Park Academy - Akron Campus,Shield,10/25/2024,372.5
4400,Orchard Park Academy - Akron Campus,Managed Services,7/2/2025,11766
4400,Orchard Park Academy - Akron Campus,Shield,12/8/2025,188.5
4400,Orchard Park Academy - Akron Campus,Shield,12/10/2025,1911
3488,Orchard Park Academy_OH_000000,Shield,7/31/2025,1062.05
3488,Orchard Park Academy_OH_000000,Shield,11/2/2022,4050
3488,Orchard Park Academy_OH_000000,Managed Services,1/17/2023,5651.67
3488,Orchard Park Academy_OH_000000,Managed Services,6/28/2023,21995.04
3488,Orchard Park Academy_OH_000000,E-Rate Services,6/23/2023,3000
3488,Orchard Park Academy_OH_000000,Shield,8/16/2023,717.85
3488,Orchard Park Academy_OH_000000,Shield,10/20/2023,503.73
3488,Orchard Park Academy_OH_000000,Shield,10/24/2023,759.97
3488,Orchard Park Academy_OH_000000,Shield,11/8/2023,399.49
3488,Orchard Park Academy_OH_000000,Shield,1/19/2024,568.75
3488,Orchard Park Academy_OH_000000,Managed Services,6/21/2024,22654.89
3488,Orchard Park Academy_OH_000000,E-Rate Services,7/25/2024,3000
3488,Orchard Park Academy_OH_000000,Shield,5/31/2024,181.25
3488,Orchard Park Academy_OH_000000,Shield,10/11/2024,181.25
3488,Orchard Park Academy_OH_000000,Shield,11/8/2024,722.59
3488,Orchard Park Academy_OH_000000,Shield,11/15/2024,181.25
3488,Orchard Park Academy_OH_000000,Shield,3/6/2025,1875
3488,Orchard Park Academy_OH_000000,Shield,4/17/2025,2175
3488,Orchard Park Academy_OH_000000,Managed Services,6/30/2025,23108.04
3488,Orchard Park Academy_OH_000000,E-Rate Services,6/30/2025,3000
3488,Orchard Park Academy_OH_000000,Shield,7/14/2025,543.75
469,Our Lady Of Mount Carmel West_OH_0055855,Educate (PD),10/19/2022,8000
469,Our Lady Of Mount Carmel West_OH_0055855,Managed Services,5/12/2023,22036.92
469,Our Lady Of Mount Carmel West_OH_0055855,Shield,8/8/2023,506.25
469,Our Lady Of Mount Carmel West_OH_0055855,Educate (PD),10/23/2023,1000
469,Our Lady Of Mount Carmel West_OH_0055855,Managed Services,4/10/2024,22477.74
469,Our Lady Of Mount Carmel West_OH_0055855,Shield,5/9/2024,4350
469,Our Lady Of Mount Carmel West_OH_0055855,Educate (PD),11/8/2024,1500
469,Our Lady Of Mount Carmel West_OH_0055855,Managed Services,5/5/2025,23430.96
469,Our Lady Of Mount Carmel West_OH_0055855,Protect,12/11/2025,2147.5
2284,Our Lady Of The Elms High_OH,Educate (PD),9/8/2025,1260
863,Pellegrino Music_OH,Protect,12/4/2025,138
863,Pellegrino Music_OH,Managed Services,10/3/2024,1200
823,Pleasant Local_OH_048421,Protect,12/18/2025,5675
680,Plymouth Shiloh Local Board Office_OH_049460,MS - Special Projects,6/30/2025,600
676,Plymouth Shiloh Local_OH_049460,Managed Services,1/24/2023,100
676,Plymouth Shiloh Local_OH_049460,Shield,8/18/2023,1531.21
676,Plymouth Shiloh Local_OH_049460,Shield,8/18/2023,2112.26
676,Plymouth Shiloh Local_OH_049460,Protect,7/14/2023,4050
676,Plymouth Shiloh Local_OH_049460,Managed Services,5/16/2023,97141.56
676,Plymouth Shiloh Local_OH_049460,Managed Services,5/9/2023,585.31
676,Plymouth Shiloh Local_OH_049460,Shield,10/5/2023,168.75
676,Plymouth Shiloh Local_OH_049460,Shield,10/3/2023,1784.35
676,Plymouth Shiloh Local_OH_049460,Shield,9/30/2023,473.9
676,Plymouth Shiloh Local_OH_049460,Shield,11/8/2023,851.55
676,Plymouth Shiloh Local_OH_049460,Managed Services,5/15/2024,99084.84
676,Plymouth Shiloh Local_OH_049460,Shield,12/6/2024,1406.24
676,Plymouth Shiloh Local_OH_049460,Learn21,5/23/2024,1053.43
676,Plymouth Shiloh Local_OH_049460,Protect,7/22/2024,4767.5
676,Plymouth Shiloh Local_OH_049460,Learn21,7/16/2024,968.5
676,Plymouth Shiloh Local_OH_049460,Shield,11/15/2024,181.25
676,Plymouth Shiloh Local_OH_049460,Managed Services,5/23/2025,101066.52
676,Plymouth Shiloh Local_OH_049460,Learn21,4/17/2025,1023.63
676,Plymouth Shiloh Local_OH_049460,Protect,7/14/2025,4942.5
1195,Poland Local Schools_OH_048348,Managed Services,11/29/2022,14400
2162,Ramah Christian Academy_OH_0068189,E-Rate Services,10/12/2022,2000
2162,Ramah Christian Academy_OH_0068189,Managed Services,1/24/2023,1343.73
2162,Ramah Christian Academy_OH_0068189,Managed Services,7/10/2023,12000
2162,Ramah Christian Academy_OH_0068189,E-Rate Services,7/10/2023,3000
2162,Ramah Christian Academy_OH_0068189,Shield,8/18/2023,1287.36
2162,Ramah Christian Academy_OH_0068189,Managed Services,4/25/2024,14400
2162,Ramah Christian Academy_OH_0068189,E-Rate Services,4/25/2024,3000
2162,Ramah Christian Academy_OH_0068189,Managed Services,5/1/2025,14400
2162,Ramah Christian Academy_OH_0068189,E-Rate Services,5/1/2025,3000
4351,Randall Park High School,Shield,9/4/2025,16413.77
4351,Randall Park High School,Shield,9/4/2025,4562.15
4351,Randall Park High School,Managed Services,6/23/2023,16665.48
4351,Randall Park High School,E-Rate Services,6/23/2023,3000
4351,Randall Park High School,Shield,1/19/2024,1090.55
4351,Randall Park High School,Shield,3/15/2024,543.75
4351,Randall Park High School,Shield,4/5/2024,1043.13
4351,Randall Park High School,Managed Services,6/21/2024,17165.57
4351,Randall Park High School,E-Rate Services,7/25/2024,3000
4351,Randall Park High School,MS - Special Projects,9/2/2025,1444.36
4351,Randall Park High School,Managed Services,7/2/2025,18024
4351,Randall Park High School,Shield,7/2/2025,543.75
4351,Randall Park High School,Shield,5/2/2025,3371.35
4351,Randall Park High School,E-Rate Services,6/30/2025,3000
4351,Randall Park High School,Shield,7/31/2025,532.99
714,Regent High School_OH_012036,Shield,8/16/2023,337.5
714,Regent High School_OH_012036,Managed Services,3/14/2023,1866.21
714,Regent High School_OH_012036,Managed Services,3/14/2023,479.26
714,Regent High School_OH_012036,Managed Services,6/28/2023,21813
714,Regent High School_OH_012036,E-Rate Services,6/28/2023,3000
714,Regent High School_OH_012036,Shield,8/16/2023,337.5
714,Regent High School_OH_012036,Managed Services,7/25/2024,22467.39
714,Regent High School_OH_012036,E-Rate Services,7/25/2024,3000
714,Regent High School_OH_012036,Shield,9/25/2024,722
714,Regent High School_OH_012036,Managed Services,7/2/2025,22916.04
714,Regent High School_OH_012036,E-Rate Services,6/30/2025,3000
4406,Ridgewood Local Schools,Protect,4/23/2025,13870
1173,Rocky River City Schools_OH_044701,Protect,6/25/2024,500
1173,Rocky River City Schools_OH_044701,Protect,7/1/2025,500
4387,Saint Andrew Saint Elizabeth Ann Seton Catholic School,Managed Services,8/2/2024,4800
4387,Saint Andrew Saint Elizabeth Ann Seton Catholic School,Protect,5/27/2025,1266
2794,Saint Anthony School_OH,Managed Services,1/24/2023,15648.83
476,Saint Barnabas_OH_0057455,Managed Services,11/9/2022,21221.75
476,Saint Barnabas_OH_0057455,Managed Services,1/17/2023,25182.36
476,Saint Barnabas_OH_0057455,Managed Services,1/24/2023,1837.49
476,Saint Barnabas_OH_0057455,Shield,8/18/2023,1106.24
476,Saint Barnabas_OH_0057455,Managed Services,5/19/2023,21249.84
476,Saint Barnabas_OH_0057455,Managed Services,5/9/2023,2225
476,Saint Barnabas_OH_0057455,Shield,10/11/2023,413.73
476,Saint Barnabas_OH_0057455,Shield,8/18/2023,806.23
476,Saint Barnabas_OH_0057455,Shield,8/18/2023,816.2
476,Saint Barnabas_OH_0057455,Shield,10/14/2024,981.03
476,Saint Barnabas_OH_0057455,Managed Services,4/24/2024,21675
476,Saint Barnabas_OH_0057455,Protect,6/13/2024,2703.5
476,Saint Barnabas_OH_0057455,E-Rate Services,7/25/2024,3000
476,Saint Barnabas_OH_0057455,Managed Services,5/14/2025,23071.74
476,Saint Barnabas_OH_0057455,Protect,5/14/2025,2756
476,Saint Barnabas_OH_0057455,E-Rate Services,5/14/2025,3000
2080,Saint Bernadette School,Managed Services,11/7/2024,14439.12
2080,Saint Bernadette School,MS - Special Projects,11/7/2024,1409.39
477,Saint Brendan_OH_0056697,Shield,8/18/2023,8756.25
477,Saint Brendan_OH_0056697,Managed Services,6/30/2023,17790
477,Saint Brendan_OH_0056697,E-Rate Services,6/30/2023,3000
477,Saint Brendan_OH_0056697,Shield,10/11/2023,754.94
477,Saint Brendan_OH_0056697,Managed Services,8/6/2024,17679.5
477,Saint Brendan_OH_0056697,E-Rate Services,6/10/2024,3000
477,Saint Brendan_OH_0056697,Shield,7/2/2024,362.5
477,Saint Brendan_OH_0056697,Managed Services,5/2/2025,18427.94
477,Saint Brendan_OH_0056697,E-Rate Services,5/2/2025,3000
1898,Saint Francis Elementary-Cleveland_OH,Managed Services,7/12/2022,20000
1898,Saint Francis Elementary-Cleveland_OH,Shield,8/18/2023,537.49
1898,Saint Francis Elementary-Cleveland_OH,Managed Services,7/10/2023,21009
1898,Saint Francis Elementary-Cleveland_OH,E-Rate Services,7/10/2023,3000
1898,Saint Francis Elementary-Cleveland_OH,Managed Services,8/6/2024,21429.18
1898,Saint Francis Elementary-Cleveland_OH,E-Rate Services,8/6/2024,3000
1898,Saint Francis Elementary-Cleveland_OH,Managed Services,10/28/2025,22473
1898,Saint Francis Elementary-Cleveland_OH,E-Rate Services,10/28/2025,3000
1898,Saint Francis Elementary-Cleveland_OH,Shield,9/10/2025,4158.23
4340,Saint John School_OH_053637,Protect,8/18/2023,3562.5
4340,Saint John School_OH_053637,Managed Services,4/11/2023,34501.56
4340,Saint John School_OH_053637,E-Rate Services,4/24/2023,0
4340,Saint John School_OH_053637,Shield,8/18/2023,5500
4340,Saint John School_OH_053637,Shield,8/18/2023,593.74
4340,Saint John School_OH_053637,Protect,7/2/2024,3041
4340,Saint John School_OH_053637,Managed Services,4/11/2024,35192.04
4340,Saint John School_OH_053637,Learn21,4/11/2024,0
4340,Saint John School_OH_053637,E-Rate Services,4/27/2024,0
4340,Saint John School_OH_053637,Educate (PD),8/1/2024,1260
4340,Saint John School_OH_053637,Managed Services,4/21/2025,34056.83
4340,Saint John School_OH_053637,Protect,4/21/2025,5776
4340,Saint John School_OH_053637,Protect,4/21/2025,0
2049,Saint Jude Elem_OH,Protect,12/23/2025,3534.5
2049,Saint Jude Elem_OH,Managed Services,8/18/2023,7651.8
2049,Saint Jude Elem_OH,Shield,10/5/2023,5257.34
2049,Saint Jude Elem_OH,Shield,10/5/2023,2730.6
2049,Saint Jude Elem_OH,Shield,10/5/2023,1443.1
2049,Saint Jude Elem_OH,Managed Services,4/15/2024,71438.76
2049,Saint Jude Elem_OH,Learn21,4/25/2024,761.39
2049,Saint Jude Elem_OH,E-Rate Services,4/25/2024,3000
2049,Saint Jude Elem_OH,Shield,2/7/2025,1013.75
2049,Saint Jude Elem_OH,Shield,3/27/2025,140.76
2049,Saint Jude Elem_OH,Managed Services,5/23/2025,75291.56
2049,Saint Jude Elem_OH,E-Rate Services,5/23/2025,3000
2049,Saint Jude Elem_OH,Shield,7/2/2025,2086.81
4337,Saint Leo the Great,Managed Services,12/28/2022,11482.49
4337,Saint Leo the Great,Shield,12/28/2022,4524.65
4337,Saint Leo the Great,Managed Services,3/14/2023,275
4337,Saint Leo the Great,Managed Services,4/24/2023,48454.92
4337,Saint Leo the Great,E-Rate Services,4/24/2023,3000
4337,Saint Leo the Great,Shield,8/18/2023,22513.39
4337,Saint Leo the Great,Shield,8/24/2023,63156
4337,Saint Leo the Great,Shield,10/11/2023,13458.38
4337,Saint Leo the Great,Shield,10/30/2023,59522
4337,Saint Leo the Great,Shield,8/18/2023,737.5
4337,Saint Leo the Great,Shield,8/23/2023,19902.51
4337,Saint Leo the Great,Shield,10/11/2023,550
4337,Saint Leo the Great,Shield,12/13/2023,7043.14
4337,Saint Leo the Great,Shield,2/23/2024,7223.75
4337,Saint Leo the Great,Managed Services,4/20/2024,48455
4337,Saint Leo the Great,E-Rate Services,4/20/2024,3000
4337,Saint Leo the Great,Shield,5/31/2024,749.99
4337,Saint Leo the Great,Shield,5/31/2024,2554.37
4337,Saint Leo the Great,Shield,5/31/2024,8645.02
4337,Saint Leo the Great,Shield,5/31/2024,2700
4337,Saint Leo the Great,Shield,9/9/2024,3710
4337,Saint Leo the Great,Shield,6/26/2024,937.5
4337,Saint Leo the Great,Managed Services,9/17/2025,49424.1
4337,Saint Leo the Great,E-Rate Services,9/17/2025,3000
4337,Saint Leo the Great,Educate (PD),9/5/2025,2800
4337,Saint Leo the Great,Shield,10/24/2025,3949.73
4337,Saint Leo the Great,Shield,10/29/2025,902.79
4337,Saint Leo the Great,Shield,10/24/2025,184.51
483,Saint Martin de Porres High School_OH_0000476,Shield,10/7/2025,837.5
483,Saint Martin de Porres High School_OH_0000476,Protect,8/26/2022,3375
483,Saint Martin de Porres High School_OH_0000476,Managed Services,12/28/2022,772.48
483,Saint Martin de Porres High School_OH_0000476,Managed Services,4/19/2023,95539.08
483,Saint Martin de Porres High School_OH_0000476,E-Rate Services,4/24/2023,3000
483,Saint Martin de Porres High School_OH_0000476,Protect,5/10/2023,3375
483,Saint Martin de Porres High School_OH_0000476,Shield,10/11/2023,3744.4
483,Saint Martin de Porres High School_OH_0000476,Shield,10/11/2023,1297.46
483,Saint Martin de Porres High School_OH_0000476,Shield,4/5/2024,543.75
483,Saint Martin de Porres High School_OH_0000476,Managed Services,5/1/2024,97449.78
483,Saint Martin de Porres High School_OH_0000476,Shield,3/26/2024,697.48
483,Saint Martin de Porres High School_OH_0000476,Learn21,4/22/2024,584.04
483,Saint Martin de Porres High School_OH_0000476,E-Rate Services,5/1/2024,3000
483,Saint Martin de Porres High School_OH_0000476,Protect,4/29/2024,3991
483,Saint Martin de Porres High School_OH_0000476,Shield,7/17/2024,1720
483,Saint Martin de Porres High School_OH_0000476,Shield,10/18/2024,543.75
483,Saint Martin de Porres High School_OH_0000476,Shield,10/25/2024,362.5
483,Saint Martin de Porres High School_OH_0000476,Shield,11/8/2024,1540.21
483,Saint Martin de Porres High School_OH_0000476,Shield,11/8/2024,4559.25
483,Saint Martin de Porres High School_OH_0000476,Shield,11/27/2024,543.75
483,Saint Martin de Porres High School_OH_0000476,Managed Services,5/23/2025,99956.28
483,Saint Martin de Porres High School_OH_0000476,E-Rate Services,5/23/2025,3000
483,Saint Martin de Porres High School_OH_0000476,Protect,9/19/2025,4066
484,Saint Mary Berea OH_0056408,Educate (PD),10/19/2022,1600
484,Saint Mary Berea OH_0056408,Managed Services,6/26/2023,21451.56
484,Saint Mary Berea OH_0056408,Shield,10/11/2023,2337.5
484,Saint Mary Berea OH_0056408,Shield,10/11/2023,737.5
484,Saint Mary Berea OH_0056408,Shield,10/11/2023,3012.5
484,Saint Mary Berea OH_0056408,Educate (PD),12/11/2023,3330
484,Saint Mary Berea OH_0056408,Shield,1/24/2024,543.75
484,Saint Mary Berea OH_0056408,Managed Services,8/1/2024,21880.02
484,Saint Mary Berea OH_0056408,Learn21,6/13/2024,324.82
484,Saint Mary Berea OH_0056408,Managed Services,8/14/2025,2735
668,Saint Mary Elementary School-Chardon_OH_057224,Managed Services,2/6/2023,1850
668,Saint Mary Elementary School-Chardon_OH_057224,Managed Services,2/23/2023,4080
668,Saint Mary Elementary School-Chardon_OH_057224,Managed Services,9/29/2023,31828.44
668,Saint Mary Elementary School-Chardon_OH_057224,E-Rate Services,6/7/2023,3000
668,Saint Mary Elementary School-Chardon_OH_057224,Educate (PD),11/6/2023,1000
668,Saint Mary Elementary School-Chardon_OH_057224,Protect,12/7/2023,2248
668,Saint Mary Elementary School-Chardon_OH_057224,Protect,1/22/2024,315
668,Saint Mary Elementary School-Chardon_OH_057224,Managed Services,6/30/2023,31500
668,Saint Mary Elementary School-Chardon_OH_057224,Shield,5/31/2024,1621.25
668,Saint Mary Elementary School-Chardon_OH_057224,Shield,9/9/2024,1316.94
668,Saint Mary Elementary School-Chardon_OH_057224,Shield,7/3/2024,5250.98
668,Saint Mary Elementary School-Chardon_OH_057224,Shield,7/19/2024,1680.69
668,Saint Mary Elementary School-Chardon_OH_057224,Educate (PD),8/23/2024,6260
668,Saint Mary Elementary School-Chardon_OH_057224,Educate (PD),9/6/2024,6260
668,Saint Mary Elementary School-Chardon_OH_057224,Protect,11/18/2024,2912
668,Saint Mary Elementary School-Chardon_OH_057224,Shield,1/24/2025,1194.96
668,Saint Mary Elementary School-Chardon_OH_057224,Managed Services,1/24/2025,5250.85
668,Saint Mary Elementary School-Chardon_OH_057224,Shield,1/17/2025,1524.9
668,Saint Mary Elementary School-Chardon_OH_057224,Managed Services,5/13/2025,32765.4
971,Saint Marys City Schools_OH_00044727,Educate (PD),9/14/2022,8800
486,Saint Stanislaus_OH_0056267,Managed Services,6/13/2023,1024.96
486,Saint Stanislaus_OH_0056267,Managed Services,5/10/2023,15306.72
486,Saint Stanislaus_OH_0056267,Shield,8/18/2023,3992.2
486,Saint Stanislaus_OH_0056267,Shield,8/18/2023,14622.43
486,Saint Stanislaus_OH_0056267,Shield,8/18/2023,12968.99
486,Saint Stanislaus_OH_0056267,Shield,8/18/2023,4659.79
486,Saint Stanislaus_OH_0056267,Shield,10/11/2023,7115
486,Saint Stanislaus_OH_0056267,Managed Services,3/24/2025,16286.48
486,Saint Stanislaus_OH_0056267,Shield,7/15/2025,587.5
4380,Saint Thomas Aquinas HS/MS,Managed Services,8/29/2022,20000
4380,Saint Thomas Aquinas HS/MS,Educate (PD),11/2/2022,5665
4380,Saint Thomas Aquinas HS/MS,Backup As A Service,5/9/2023,4160
4380,Saint Thomas Aquinas HS/MS,Managed Services,5/9/2023,35397.19
4380,Saint Thomas Aquinas HS/MS,Managed Services,5/9/2023,10125
4380,Saint Thomas Aquinas HS/MS,Protect,5/9/2023,2525
4380,Saint Thomas Aquinas HS/MS,E-Rate Services,6/7/2023,3000
4380,Saint Thomas Aquinas HS/MS,Shield,10/20/2023,11137.5
4380,Saint Thomas Aquinas HS/MS,Shield,8/21/2023,9882
4380,Saint Thomas Aquinas HS/MS,Shield,10/20/2023,6750
4380,Saint Thomas Aquinas HS/MS,Managed Services,7/5/2024,51692.8
4380,Saint Thomas Aquinas HS/MS,Learn21,7/5/2024,524.48
4380,Saint Thomas Aquinas HS/MS,E-Rate Services,5/30/2024,3000
4380,Saint Thomas Aquinas HS/MS,Protect,9/5/2024,3038.5
4380,Saint Thomas Aquinas HS/MS,Shield,9/17/2024,1087.5
4380,Saint Thomas Aquinas HS/MS,Shield,10/21/2024,600
4380,Saint Thomas Aquinas HS/MS,Managed Services,7/15/2025,12923.25
4380,Saint Thomas Aquinas HS/MS,Protect,8/19/2025,4036
487,Saint Thomas Aquinas_OH_0056283,Shield,10/30/2025,188.5
487,Saint Thomas Aquinas_OH_0056283,Shield,12/15/2025,1262.5
487,Saint Thomas Aquinas_OH_0056283,E-Rate Services,10/12/2022,2000
487,Saint Thomas Aquinas_OH_0056283,Managed Services,1/17/2023,168.75
487,Saint Thomas Aquinas_OH_0056283,Managed Services,8/18/2023,4000
487,Saint Thomas Aquinas_OH_0056283,Managed Services,7/10/2023,21009
487,Saint Thomas Aquinas_OH_0056283,E-Rate Services,7/10/2023,3000
487,Saint Thomas Aquinas_OH_0056283,Managed Services,5/5/2023,64616.04
487,Saint Thomas Aquinas_OH_0056283,Shield,8/18/2023,400
487,Saint Thomas Aquinas_OH_0056283,Shield,8/18/2023,400
487,Saint Thomas Aquinas_OH_0056283,Shield,8/18/2023,556.25
487,Saint Thomas Aquinas_OH_0056283,Shield,11/8/2023,515.63
487,Saint Thomas Aquinas_OH_0056283,Shield,1/17/2024,1012.5
487,Saint Thomas Aquinas_OH_0056283,Managed Services,10/18/2024,21429.18
487,Saint Thomas Aquinas_OH_0056283,E-Rate Services,10/18/2024,3000
487,Saint Thomas Aquinas_OH_0056283,Managed Services,10/28/2025,22500.45
487,Saint Thomas Aquinas_OH_0056283,E-Rate Services,9/29/2025,3000
491,Seton Catholic_OH_0126599,Protect,10/24/2023,2525
491,Seton Catholic_OH_0126599,Managed Services,1/17/2023,375
491,Seton Catholic_OH_0126599,Managed Services,6/8/2023,36105
491,Seton Catholic_OH_0126599,E-Rate Services,6/8/2023,3000
491,Seton Catholic_OH_0126599,Managed Services,4/18/2024,36827.1
491,Seton Catholic_OH_0126599,E-Rate Services,4/18/2024,3000
491,Seton Catholic_OH_0126599,Learn21,5/31/2024,312.9
491,Seton Catholic_OH_0126599,Protect,8/19/2024,2975.5
491,Seton Catholic_OH_0126599,MS - Special Projects,2/11/2025,1250
491,Seton Catholic_OH_0126599,Shield,2/13/2025,587.5
491,Seton Catholic_OH_0126599,Managed Services,5/2/2025,42930.96
491,Seton Catholic_OH_0126599,E-Rate Services,5/2/2025,3000
491,Seton Catholic_OH_0126599,Shield,7/17/2025,10555.97
491,Seton Catholic_OH_0126599,Shield,8/7/2025,11738.72
491,Seton Catholic_OH_0126599,Protect,10/17/2025,3075.5
494,Southeast Local Schools_OH_0049221,Shield,9/30/2025,4835.85
494,Southeast Local Schools_OH_0049221,Protect,7/21/2022,1470
494,Southeast Local Schools_OH_0049221,Managed Services,8/2/2023,106929
494,Southeast Local Schools_OH_0049221,Shield,12/4/2023,4727.77
494,Southeast Local Schools_OH_0049221,Managed Services,5/22/2024,54534
494,Southeast Local Schools_OH_0049221,Managed Services,5/22/2024,54533.5
494,Southeast Local Schools_OH_0049221,Shield,10/25/2024,413.74
494,Southeast Local Schools_OH_0049221,Shield,10/25/2024,181.25
494,Southeast Local Schools_OH_0049221,Shield,11/22/2024,3520.61
494,Southeast Local Schools_OH_0049221,Shield,12/19/2024,1437.17
494,Southeast Local Schools_OH_0049221,Managed Services,5/1/2025,111021.36
494,Southeast Local Schools_OH_0049221,Shield,4/15/2025,1856.25
494,Southeast Local Schools_OH_0049221,Protect,6/30/2025,12224
494,Southeast Local Schools_OH_0049221,Shield,5/19/2025,5703.76
2393,St Francis Of Assisi Elem,Educate (PD),10/28/2025,1600
2393,St Francis Of Assisi Elem,Educate (PD),12/9/2025,1600
2393,St Francis Of Assisi Elem,Educate (PD),11/12/2025,960
2393,St Francis Of Assisi Elem,Educate (PD),10/6/2022,14760
2393,St Francis Of Assisi Elem,Educate (PD),9/30/2024,26975
2393,St Francis Of Assisi Elem,Educate (PD),10/28/2025,1400
4396,Steel City High School,Shield,8/12/2024,51796.2
4396,Steel City High School,Shield,8/12/2024,12149.36
4396,Steel City High School,Shield,8/12/2024,23259.31
4396,Steel City High School,Shield,8/12/2024,14755.55
4396,Steel City High School,Managed Services,6/21/2024,15380
4396,Steel City High School,Shield,10/4/2024,1351.8
4396,Steel City High School,Shield,11/15/2024,181.25
4396,Steel City High School,Shield,2/14/2025,543.75
4396,Steel City High School,Managed Services,7/2/2025,16640.04
4396,Steel City High School,E-Rate Services,6/30/2025,3000
3176,SUPER Learning Center-Faith Christian_OH,Managed Services,6/29/2023,34844.4
3176,SUPER Learning Center-Faith Christian_OH,Protect,5/6/2024,3145
3176,SUPER Learning Center-Faith Christian_OH,Managed Services,5/1/2024,35542
3176,SUPER Learning Center-Faith Christian_OH,Managed Services,5/30/2025,36801.96
3176,SUPER Learning Center-Faith Christian_OH,Protect,6/18/2025,3155
3318,Towpath East_OH_0000000,Shield,10/20/2023,168.75
3318,Towpath East_OH_0000000,Shield,11/5/2024,311.23
3318,Towpath East_OH_0000000,Shield,12/6/2024,481.25
3318,Towpath East_OH_0000000,Managed Services,7/2/2025,21075
3318,Towpath East_OH_0000000,E-Rate Services,6/30/2025,3000
496,Towpath Trail - Main _OH_0133868,Managed Services,1/17/2023,506.25
496,Towpath Trail - Main _OH_0133868,Managed Services,12/28/2022,1889.26
496,Towpath Trail - Main _OH_0133868,Managed Services,1/17/2023,349.99
496,Towpath Trail - Main _OH_0133868,Managed Services,1/17/2023,548.7
496,Towpath Trail - Main _OH_0133868,Managed Services,1/17/2023,337.5
496,Towpath Trail - Main _OH_0133868,Shield,8/18/2023,337.5
496,Towpath Trail - Main _OH_0133868,Managed Services,6/23/2023,59307.48
496,Towpath Trail - Main _OH_0133868,E-Rate Services,6/23/2023,9000
496,Towpath Trail - Main _OH_0133868,Shield,10/20/2023,1134.35
496,Towpath Trail - Main _OH_0133868,Shield,3/15/2024,1946.15
496,Towpath Trail - Main _OH_0133868,Managed Services,7/5/2024,61087.23
496,Towpath Trail - Main _OH_0133868,E-Rate Services,7/25/2024,9000
496,Towpath Trail - Main _OH_0133868,Shield,5/31/2024,181.25
496,Towpath Trail - Main _OH_0133868,Shield,7/10/2024,3797.5
496,Towpath Trail - Main _OH_0133868,Shield,10/18/2024,381.25
496,Towpath Trail - Main _OH_0133868,MS - Special Projects,6/30/2025,17170.61
496,Towpath Trail - Main _OH_0133868,Managed Services,7/2/2025,21075
496,Towpath Trail - Main _OH_0133868,Shield,7/2/2025,29623.15
496,Towpath Trail - Main _OH_0133868,Shield,7/2/2025,111986.61
496,Towpath Trail - Main _OH_0133868,Shield,7/2/2025,3443.87
496,Towpath Trail - Main _OH_0133868,E-Rate Services,6/30/2025,3000
496,Towpath Trail - Main _OH_0133868,Shield,9/10/2025,305.5
4378,Towpath Trail High School - Barberton,Shield,9/24/2025,504.38
4378,Towpath Trail High School - Barberton,Managed Services,3/14/2023,193.74
4378,Towpath Trail High School - Barberton,Managed Services,5/9/2023,2252.44
4378,Towpath Trail High School - Barberton,Shield,10/20/2023,168.75
4378,Towpath Trail High School - Barberton,Shield,3/15/2024,1257.5
4378,Towpath Trail High School - Barberton,Shield,5/3/2024,237.5
4378,Towpath Trail High School - Barberton,Shield,9/10/2024,694.99
4378,Towpath Trail High School - Barberton,Shield,2/14/2025,1391.23
4378,Towpath Trail High School - Barberton,Managed Services,7/2/2025,21075
4378,Towpath Trail High School - Barberton,E-Rate Services,6/30/2025,3000
1146,United Local Schools_OH_046458,Protect,12/4/2025,541.7
497,Urban Community School_OH_0062562,Shield,10/6/2025,842.06
497,Urban Community School_OH_0062562,Shield,10/3/2025,3204.5
497,Urban Community School_OH_0062562,Protect,6/5/2023,4055
497,Urban Community School_OH_0062562,E-Rate Services,6/5/2023,3000
497,Urban Community School_OH_0062562,Managed Services,6/5/2023,9276.18
497,Urban Community School_OH_0062562,Managed Services,5/7/2024,115811.04
497,Urban Community School_OH_0062562,Learn21,4/10/2024,1117.5
497,Urban Community School_OH_0062562,E-Rate Services,4/20/2024,3000
497,Urban Community School_OH_0062562,Protect,4/29/2024,4763.5
497,Urban Community School_OH_0062562,Managed Services,5/23/2025,115810.8
497,Urban Community School_OH_0062562,Learn21,5/23/2025,1181.57
497,Urban Community School_OH_0062562,E-Rate Services,5/23/2025,3000
4394,Urban Squash Cleveland,Managed Services,4/10/2024,2400
4394,Urban Squash Cleveland,Protect,4/30/2024,402
4394,Urban Squash Cleveland,Protect,6/11/2025,251.5
498,Valley Christian Academy_OH_0083295,E-Rate Services,8/3/2023,3000
498,Valley Christian Academy_OH_0083295,Managed Services,8/3/2023,24753.84
498,Valley Christian Academy_OH_0083295,Managed Services,9/29/2023,24753.72
498,Valley Christian Academy_OH_0083295,Managed Services,6/11/2024,24753.77
498,Valley Christian Academy_OH_0083295,E-Rate Services,6/10/2024,3000
2275,Valley Christian Schools,Managed Services,1/24/2023,3275
2275,Valley Christian Schools,Managed Services,9/27/2022,800
2275,Valley Christian Schools,MS - Special Projects,1/24/2023,2520
2275,Valley Christian Schools,Managed Services,1/24/2023,40409.8
2275,Valley Christian Schools,E-Rate Services,2/7/2023,3500
2275,Valley Christian Schools,Managed Services,8/29/2023,98447.4
2275,Valley Christian Schools,Protect,8/18/2023,475
2275,Valley Christian Schools,Managed Services,5/31/2024,98447
2275,Valley Christian Schools,Learn21,5/31/2024,1037.04
2275,Valley Christian Schools,Protect,7/3/2024,4221
2275,Valley Christian Schools,Managed Services,4/10/2025,101467.92
2275,Valley Christian Schools,E-Rate Services,4/10/2025,3000
2275,Valley Christian Schools,Protect,4/10/2025,5002.5
499,Villa Angela-Saint Joseph_OH_0053660,Shield,9/12/2025,305.5
499,Villa Angela-Saint Joseph_OH_0053660,Managed Services,1/17/2023,66407.39
499,Villa Angela-Saint Joseph_OH_0053660,E-Rate Services,10/27/2022,2000
499,Villa Angela-Saint Joseph_OH_0053660,Managed Services,2/21/2023,1169.34
499,Villa Angela-Saint Joseph_OH_0053660,Managed Services,6/26/2023,77406.36
499,Villa Angela-Saint Joseph_OH_0053660,Shield,8/18/2023,495.13
499,Villa Angela-Saint Joseph_OH_0053660,Educate (PD),10/9/2023,8325
499,Villa Angela-Saint Joseph_OH_0053660,Managed Services,7/31/2024,77406
499,Villa Angela-Saint Joseph_OH_0053660,Shield,4/5/2024,130
499,Villa Angela-Saint Joseph_OH_0053660,Shield,10/25/2024,1974.99
499,Villa Angela-Saint Joseph_OH_0053660,Shield,10/25/2024,148.24
499,Villa Angela-Saint Joseph_OH_0053660,Shield,10/25/2024,1412.49
499,Villa Angela-Saint Joseph_OH_0053660,Shield,1/8/2025,731.25
499,Villa Angela-Saint Joseph_OH_0053660,Shield,4/1/2025,2296.24
499,Villa Angela-Saint Joseph_OH_0053660,Managed Services,9/11/2025,80395.7
499,Villa Angela-Saint Joseph_OH_0053660,Shield,4/1/2025,181.25
499,Villa Angela-Saint Joseph_OH_0053660,Shield,7/2/2025,3133.74
3158,Western Reserve Local Schools_OH_0047746,Managed Services,5/19/2023,104601.84
3158,Western Reserve Local Schools_OH_0047746,E-Rate Services,5/19/2023,3000
3158,Western Reserve Local Schools_OH_0047746,Shield,10/5/2023,454.11
3158,Western Reserve Local Schools_OH_0047746,Protect,12/13/2023,2873.75
3158,Western Reserve Local Schools_OH_0047746,Protect,6/28/2024,343.25
3158,Western Reserve Local Schools_OH_0047746,Learn21,6/6/2024,1370.8
3158,Western Reserve Local Schools_OH_0047746,Backup As A Service,7/9/2024,6720
681,Westside Christian Academy_OH_A9702697,Shield,10/31/2025,716.94
681,Westside Christian Academy_OH_A9702697,Protect,1/17/2023,1600
681,Westside Christian Academy_OH_A9702697,E-Rate Services,10/27/2022,2000
681,Westside Christian Academy_OH_A9702697,Backup As A Service,1/17/2023,3440
681,Westside Christian Academy_OH_A9702697,Managed Services,3/20/2023,573.7
681,Westside Christian Academy_OH_A9702697,Managed Services,5/9/2023,27386.16
681,Westside Christian Academy_OH_A9702697,E-Rate Services,6/20/2023,3000
681,Westside Christian Academy_OH_A9702697,Shield,9/29/2023,337.5
681,Westside Christian Academy_OH_A9702697,Managed Services,6/13/2023,9663.25
681,Westside Christian Academy_OH_A9702697,Managed Services,6/13/2023,9913.25
681,Westside Christian Academy_OH_A9702697,Protect,1/22/2024,2370
681,Westside Christian Academy_OH_A9702697,Managed Services,4/18/2024,28410
681,Westside Christian Academy_OH_A9702697,E-Rate Services,4/18/2024,3000
681,Westside Christian Academy_OH_A9702697,Shield,12/6/2024,453.13
681,Westside Christian Academy_OH_A9702697,Protect,1/23/2025,2819.38
681,Westside Christian Academy_OH_A9702697,Shield,11/19/2024,393.74
681,Westside Christian Academy_OH_A9702697,Shield,12/20/2024,2874.93
681,Westside Christian Academy_OH_A9702697,Shield,12/10/2024,1790.6
681,Westside Christian Academy_OH_A9702697,Shield,1/15/2025,761.25
681,Westside Christian Academy_OH_A9702697,Managed Services,3/17/2025,29721.24
681,Westside Christian Academy_OH_A9702697,E-Rate Services,3/17/2025,3000
681,Westside Christian Academy_OH_A9702697,Shield,4/4/2025,179.35
681,Westside Christian Academy_OH_A9702697,Shield,4/8/2025,328.66
681,Westside Christian Academy_OH_A9702697,Shield,4/25/2025,11907.73
681,Westside Christian Academy_OH_A9702697,Shield,5/9/2025,8040.04
681,Westside Christian Academy_OH_A9702697,Shield,5/16/2025,2889.96
681,Westside Christian Academy_OH_A9702697,Shield,7/25/2025,396.98
1188,Wickliffe City Schools_OH_045088,Managed Services,5/22/2023,197013.36
1188,Wickliffe City Schools_OH_045088,E-Rate Services,5/22/2023,0
1188,Wickliffe City Schools_OH_045088,Managed Services,4/9/2024,200953.32
1188,Wickliffe City Schools_OH_045088,Learn21,4/11/2024,1972.76
1188,Wickliffe City Schools_OH_045088,E-Rate Services,4/29/2024,3000
1188,Wickliffe City Schools_OH_045088,Protect,12/9/2025,7418
1188,Wickliffe City Schools_OH_045088,Managed Services,4/11/2025,207435.36
1188,Wickliffe City Schools_OH_045088,E-Rate Services,4/11/2025,3000
501,Windham Exempted Village Schools_OH_0045666,CheckPoint,8/29/2022,21758.26
501,Windham Exempted Village Schools_OH_0045666,Managed Services,6/20/2023,65307.96
501,Windham Exempted Village Schools_OH_0045666,Protect,2/20/2024,3948
501,Windham Exempted Village Schools_OH_0045666,Shield,1/19/2024,9999.44
501,Windham Exempted Village Schools_OH_0045666,Shield,12/18/2023,218.75
3170,Youngstown City Schools_OH_045161,Protect,3/22/2024,9400
3170,Youngstown City Schools_OH_045161,Protect,4/9/2025,8600
2669,YouthBuild Columbus Community School,E-Rate Services,8/26/2025,3000
2669,YouthBuild Columbus Community School,Shield,8/29/2025,799.49
2669,YouthBuild Columbus Community School,Shield,12/8/2025,2320.5
2669,YouthBuild Columbus Community School,Shield,9/18/2025,565.5
2669,YouthBuild Columbus Community School,Managed Services,6/24/2025,26012.9
